contract,time_completed,side,quantity,avg_price,realized_pnl,epoch_sec,profit,loss,wr,profit_long,loss_long,wr_long,profit_short,loss_short,wr_short,realized_pnl_sum,px_side,px_side_sum,total_profit,avg_pnl_profit,total_loss,avg_pnl_loss,avg_pnl_rr,avg_pnl_ewr,total_px_profit,avg_px_profit,total_px_loss,avg_px_loss,avg_px_rr,avg_px_ewr
"477837024,MNQ,FUT,20220617,0,,2,GLOBEX,,USD,MNQM2,MNQ,False,,combo:",2022-04-17 17:24:32.000,SLD,1,13796.0,,1650234272.0,0,0,,0,0,,0,0,,,,,,,,,,,0.0,,0.0,,,
"477837024,MNQ,FUT,20220617,0,,2,GLOBEX,,USD,MNQM2,MNQ,False,,combo:",2022-04-18 00:51:38.000,BOT,1,13786.25,18.36,1650261098.0,1,0,1.0,0,0,,1,0,1.0,18.36,9.18,9.18,18.36,18.36,,,,,9.18,9.18,0.0,,,
"542601595,MNQ,FOP,20220429,13700,P,2,GLOBEX,,USD,MQEJ2 P1370,MQE,False,,combo:",2022-04-18 01:08:15.000,BOT,1,270.0,,1650262095.0,0,0,,0,0,,0,0,,,,,,,,,,,0.0,,0.0,,,
"477837024,MNQ,FUT,20220617,0,,2,GLOBEX,,USD,MNQM2,MNQ,False,,combo:",2022-04-18 03:02:32.000,SLD,1,13816.25,,1650268952.0,1,0,1.0,0,0,,1,0,1.0,,,,18.36,18.36,,,,,0.0,9.18,0.0,,,
"477837024,MNQ,FUT,20220617,0,,2,GLOBEX,,USD,MNQM2,MNQ,False,,combo:",2022-04-18 06:16:24.999,BOT,1,13863.0,-94.64,1650280584.999,1,1,0.5,0,0,,1,1,0.5,-76.28,-47.32,-38.14,18.36,18.36,-94.64,-94.64,0.19399830938292476,0.8375221238938053,0.0,9.18,-47.32,-47.32,0.19399830938292476,0.8375221238938053
"477837024,MNQ,FUT,20220617,0,,2,GLOBEX,,USD,MNQM2,MNQ,False,,combo:",2022-04-18 06:16:25.000,BOT,2,13863.0,,1650280585.0,1,1,0.5,0,0,,1,1,0.5,,,,18.36,18.36,-94.64,-94.64,0.19399830938292476,0.8375221238938053,0.0,9.18,0.0,-47.32,0.19399830938292476,0.8375221238938053
"477837024,MNQ,FUT,20220617,0,,2,GLOBEX,,USD,MNQM2,MNQ,False,,combo:",2022-04-18 06:23:20.000,BOT,1,13858.0,,1650281000.0,1,1,0.5,0,0,,1,1,0.5,,,,18.36,18.36,-94.64,-94.64,0.19399830938292476,0.8375221238938053,0.0,9.18,0.0,-47.32,0.19399830938292476,0.8375221238938053
"477837024,MNQ,FUT,20220617,0,,2,GLOBEX,,USD,MNQM2,MNQ,False,,combo:",2022-04-18 07:13:39.999,SLD,3,13817.0,-269.42,1650284019.999,1,2,0.3333333333333333,0,1,0.0,1,1,0.5,-345.70000000000005,-44.903333333333336,-83.04333333333334,18.36,18.36,-364.06,-182.03,0.10086249519310003,0.9083786616098607,0.0,9.18,-92.22333333333333,-46.111666666666665,0.19908193877182204,0.8339713639788997
"477837024,MNQ,FUT,20220617,0,,2,GLOBEX,,USD,MNQM2,MNQ,False,,combo:",2022-04-18 07:13:40.000,SLD,1,13817.0,,1650284020.0,1,2,0.3333333333333333,0,1,0.0,1,1,0.5,,,,18.36,18.36,-364.06,-182.03,0.10086249519310003,0.9083786616098607,0.0,9.18,0.0,-46.111666666666665,0.19908193877182204,0.8339713639788997
"497954503,MYM,FUT,20220617,0,,0.5,ECBOT,,USD,MYM  JUN 22,MYM,False,,combo:",2022-04-18 08:21:57.000,BOT,3,34340.0,,1650288117.0,0,0,,0,0,,0,0,,,,,,,,,,,0.0,,0.0,,,
"477837024,MNQ,FUT,20220617,0,,2,GLOBEX,,USD,MNQM2,MNQ,False,,combo:",2022-04-18 08:23:25.000,BOT,1,13857.25,-81.64,1650288205.0,1,3,0.25,0,1,0.0,1,2,0.3333333333333333,-427.34000000000003,-40.82,-123.86333333333334,18.36,18.36,-445.7,-148.56666666666666,0.12358088400269239,0.8900115819321858,0.0,9.18,-133.04333333333332,-44.34777777777777,0.20700022549044172,0.8285002594706798
"477837024,MNQ,FUT,20220617,0,,2,GLOBEX,,USD,MNQM2,MNQ,False,,combo:",2022-04-18 08:26:24.000,SLD,1,13847.0,,1650288384.0,1,3,0.25,0,1,0.0,1,2,0.3333333333333333,,,,18.36,18.36,-445.7,-148.56666666666666,0.12358088400269239,0.8900115819321858,0.0,9.18,0.0,-44.34777777777777,0.20700022549044172,0.8285002594706798
"497954503,MYM,FUT,20220617,0,,0.5,ECBOT,,USD,MYM  JUN 22,MYM,False,,combo:",2022-04-18 08:30:07.000,SLD,3,34312.0,-45.92,1650288607.0,0,1,0.0,0,1,0.0,0,0,,-45.92,-30.613333333333333,-30.613333333333333,,,-45.92,-45.92,,,0.0,,-30.613333333333333,-30.613333333333333,,
"477837024,MNQ,FUT,20220617,0,,2,GLOBEX,,USD,MNQM2,MNQ,False,,combo:",2022-04-18 08:34:44.999,BOT,1,13915.0,-137.14,1650288884.999,1,4,0.2,0,1,0.0,1,3,0.25,-564.48,-68.57,-192.43333333333334,18.36,18.36,-582.8399999999999,-145.70999999999998,0.1260037059913527,0.8880965441579812,0.0,9.18,-201.61333333333332,-50.40333333333333,0.1821308114542689,0.8459300699300698
"477837024,MNQ,FUT,20220617,0,,2,GLOBEX,,USD,MNQM2,MNQ,False,,combo:",2022-04-18 08:34:45.000,BOT,3,13915.0,,1650288885.0,1,4,0.2,0,1,0.0,1,3,0.25,,,,18.36,18.36,-582.8399999999999,-145.70999999999998,0.1260037059913527,0.8880965441579812,0.0,9.18,0.0,-50.40333333333333,0.1821308114542689,0.8459300699300698
"477837024,MNQ,FUT,20220617,0,,2,GLOBEX,,USD,MNQM2,MNQ,False,,combo:",2022-04-18 08:40:12.000,SLD,3,13880.0,-213.42,1650289212.0,1,5,0.16666666666666666,0,2,0.0,1,3,0.25,-777.9,-35.57,-228.00333333333333,18.36,18.36,-796.2599999999999,-159.25199999999998,0.11528897596262529,0.8966286061752585,0.0,9.18,-237.1833333333333,-47.43666666666666,0.19352118614292743,0.8378569325875773
"477837024,MNQ,FUT,20220617,0,,2,GLOBEX,,USD,MNQM2,MNQ,False,,combo:",2022-04-18 08:44:35.000,BOT,3,13910.0,,1650289475.0,1,5,0.16666666666666666,0,2,0.0,1,3,0.25,,,,18.36,18.36,-796.2599999999999,-159.25199999999998,0.11528897596262529,0.8966286061752585,0.0,9.18,0.0,-47.43666666666666,0.19352118614292743,0.8378569325875773
"477837024,MNQ,FUT,20220617,0,,2,GLOBEX,,USD,MNQM2,MNQ,False,,combo:",2022-04-18 08:53:10.000,SLD,3,13843.25,-404.91999999999996,1650289990.0,1,6,0.14285714285714285,0,3,0.0,1,3,0.25,-1182.82,-67.48666666666666,-295.49,18.36,18.36,-1201.1799999999998,-200.19666666666663,0.09170981867829969,0.9159943264142023,0.0,9.18,-304.66999999999996,-50.77833333333333,0.1807857682082253,0.8468936761640028
"542601808,MNQ,FOP,20220429,14400,C,2,GLOBEX,,USD,MQEJ2 C1440,MQE,False,,combo:",2022-04-18 08:55:51.000,BOT,1,79.75,,1650290151.0,0,0,,0,0,,0,0,,,,,,,,,,,0.0,,0.0,,,
"477837024,MNQ,FUT,20220617,0,,2,GLOBEX,,USD,MNQM2,MNQ,False,,combo:",2022-04-18 08:56:05.000,SLD,1,13840.0,,1650290165.0,1,6,0.14285714285714285,0,3,0.0,1,3,0.25,,,,18.36,18.36,-1201.1799999999998,-200.19666666666663,0.09170981867829969,0.9159943264142023,0.0,9.18,0.0,-50.77833333333333,0.1807857682082253,0.8468936761640028
"477837024,MNQ,FUT,20220617,0,,2,GLOBEX,,USD,MNQM2,MNQ,False,,combo:",2022-04-18 09:27:06.000,BOT,1,13994.75,-310.64,1650292026.0,1,7,0.125,0,3,0.0,1,4,0.2,-1493.46,-155.32,-450.81,18.36,18.36,-1511.8199999999997,-215.97428571428568,0.085010120252411,0.9216503895533853,0.0,9.18,-459.98999999999995,-65.71285714285713,0.13969868910193703,0.8774248927038627
"477837024,MNQ,FUT,20220617,0,,2,GLOBEX,,USD,MNQM2,MNQ,False,,combo:",2022-04-18 09:27:25.000,BOT,2,13991.75,,1650292045.0,1,7,0.125,0,3,0.0,1,4,0.2,,,,18.36,18.36,-1511.8199999999997,-215.97428571428568,0.085010120252411,0.9216503895533853,0.0,9.18,0.0,-65.71285714285713,0.13969868910193703,0.8774248927038627
"542601808,MNQ,FOP,20220429,14400,C,2,GLOBEX,,USD,MQEJ2 C1440,MQE,False,,combo:",2022-04-18 09:27:43.000,SLD,1,100.5,40.56,1650292063.0,1,0,1.0,1,0,1.0,0,0,,40.56,20.28,20.28,40.56,40.56,,,,,20.28,20.28,0.0,,,
"477837024,MNQ,FUT,20220617,0,,2,GLOBEX,,USD,MNQM2,MNQ,False,,combo:",2022-04-18 09:51:48.000,SLD,2,13952.0,-161.28,1650293508.0,1,8,0.1111111111111111,0,4,0.0,1,4,0.2,-1654.74,-40.32,-491.13,18.36,18.36,-1673.0999999999997,-209.13749999999996,0.08778913394298012,0.9192958164375432,0.0,9.18,-500.30999999999995,-62.53874999999999,0.14678899082568808,0.872
"542601616,MNQ,FOP,20220429,13050,P,2,GLOBEX,,USD,MQEJ2 P1305,MQE,False,,combo:",2022-04-18 09:52:20.000,SLD,1,59.75,-132.44,1650293540.0,0,1,0.0,0,1,0.0,0,0,,-132.44,-66.22,-66.22,,,-132.44,-132.44,,,0.0,,-66.22,-66.22,,
"542600780,MNQ,FOP,20220429,14700,C,2,GLOBEX,,USD,MQEJ2 C1470,MQE,False,,combo:",2022-04-18 09:53:49.000,BOT,1,39.5,,1650293629.0,0,0,,0,0,,0,0,,,,,,,,,,,0.0,,0.0,,,
"477837024,MNQ,FUT,20220617,0,,2,GLOBEX,,USD,MNQM2,MNQ,False,,combo:",2022-04-18 09:54:43.000,SLD,1,13943.0,,1650293683.0,1,8,0.1111111111111111,0,4,0.0,1,4,0.2,,,,18.36,18.36,-1673.0999999999997,-209.13749999999996,0.08778913394298012,0.9192958164375432,0.0,9.18,0.0,-62.53874999999999,0.14678899082568808,0.872
"542600780,MNQ,FOP,20220429,14700,C,2,GLOBEX,,USD,MQEJ2 C1470,MQE,False,,combo:",2022-04-18 09:56:07.000,BOT,1,38.0,,1650293767.0,0,0,,0,0,,0,0,,,,,,,,,,,0.0,,0.0,,,
"542600801,MNQ,FOP,20220429,14650,C,2,GLOBEX,,USD,MQEJ2 C1465,MQE,False,,combo:",2022-04-18 09:57:17.000,BOT,1,41.0,,1650293837.0,0,0,,0,0,,0,0,,,,,,,,,,,0.0,,0.0,,,
"542600801,MNQ,FOP,20220429,14650,C,2,GLOBEX,,USD,MQEJ2 C1465,MQE,False,,combo:",2022-04-18 10:01:13.000,BOT,1,41.0,,1650294073.0,0,0,,0,0,,0,0,,,,,,,,,,,0.0,,0.0,,,
"542601827,MNQ,FOP,20220429,14200,C,2,GLOBEX,,USD,MQEJ2 C1420,MQE,False,,combo:",2022-04-18 10:10:11.000,BOT,1,155.0,,1650294611.0,0,0,,0,0,,0,0,,,,,,,,,,,0.0,,0.0,,,
"542601827,MNQ,FOP,20220429,14200,C,2,GLOBEX,,USD,MQEJ2 C1420,MQE,False,,combo:",2022-04-18 10:15:01.000,BOT,1,152.0,,1650294901.0,0,0,,0,0,,0,0,,,,,,,,,,,0.0,,0.0,,,
"477837024,MNQ,FUT,20220617,0,,2,GLOBEX,,USD,MNQM2,MNQ,False,,combo:",2022-04-18 10:22:22.000,SLD,1,13890.0,,1650295342.0,1,8,0.1111111111111111,0,4,0.0,1,4,0.2,,,,18.36,18.36,-1673.0999999999997,-209.13749999999996,0.08778913394298012,0.9192958164375432,0.0,9.18,0.0,-62.53874999999999,0.14678899082568808,0.872
"542601827,MNQ,FOP,20220429,14200,C,2,GLOBEX,,USD,MQEJ2 C1420,MQE,False,,combo:",2022-04-18 11:11:31.000,SLD,1,120.0,-67.94,1650298291.0,0,1,0.0,0,1,0.0,0,0,,-67.94,-33.97,-33.97,,,-67.94,-67.94,,,0.0,,-33.97,-33.97,,
"542600780,MNQ,FOP,20220429,14700,C,2,GLOBEX,,USD,MQEJ2 C1470,MQE,False,,combo:",2022-04-18 11:15:07.000,SLD,1,24.0,-30.44,1650298507.0,0,1,0.0,0,1,0.0,0,0,,-30.44,-15.22,-15.22,,,-30.44,-30.44,,,0.0,,-15.22,-15.22,,
"477837024,MNQ,FUT,20220617,0,,2,GLOBEX,,USD,MNQM2,MNQ,False,,combo:",2022-04-18 11:56:17.000,BOT,1,13818.0,195.86,1650300977.0,2,8,0.2,0,4,0.0,2,4,0.3333333333333333,-1458.88,97.93,-393.2,214.22000000000003,107.11000000000001,-1673.0999999999997,-209.13749999999996,0.5121510967664815,0.6613095755697673,107.11000000000001,53.55500000000001,0.0,-62.53874999999999,0.8563490635805803,0.5386917900403768
"477837024,MNQ,FUT,20220617,0,,2,GLOBEX,,USD,MNQM2,MNQ,False,,combo:",2022-04-18 11:58:31.000,BOT,1,13823.0,185.86,1650301111.0,3,8,0.2727272727272727,0,4,0.0,3,4,0.42857142857142855,-1273.02,92.93,-300.27,400.08000000000004,133.36,-1673.0999999999997,-209.13749999999996,0.6376666068973763,0.6106248950722267,200.04000000000002,66.68,0.0,-62.53874999999999,1.0662189442545624,0.4839758162031438
"542601827,MNQ,FOP,20220429,14200,C,2,GLOBEX,,USD,MQEJ2 C1420,MQE,False,,combo:",2022-04-18 11:59:41.000,BOT,1,120.0,,1650301181.0,0,1,0.0,0,1,0.0,0,0,,,,,,,-67.94,-67.94,,,0.0,,0.0,-33.97,,
"477837024,MNQ,FUT,20220617,0,,2,GLOBEX,,USD,MNQM2,MNQ,False,,combo:",2022-04-18 12:08:08.000,SLD,2,13837.0,,1650301688.0,3,8,0.2727272727272727,0,4,0.0,3,4,0.42857142857142855,,,,400.08000000000004,133.36,-1673.0999999999997,-209.13749999999996,0.6376666068973763,0.6106248950722267,0.0,66.68,0.0,-62.53874999999999,1.0662189442545624,0.4839758162031438
"542601827,MNQ,FOP,20220429,14200,C,2,GLOBEX,,USD,MQEJ2 C1420,MQE,False,,combo:",2022-04-18 12:14:14.000,SLD,1,125.0,-24.44,1650302054.0,0,2,0.0,0,2,0.0,0,0,,-92.38,-12.22,-46.19,,,-92.38,-46.19,,,0.0,,-46.19,-23.095,,
"477837024,MNQ,FUT,20220617,0,,2,GLOBEX,,USD,MNQM2,MNQ,False,,combo:",2022-04-18 12:32:05.000,BOT,2,13881.5,-180.28,1650303125.0,3,9,0.25,0,4,0.0,3,5,0.375,-1453.3,-45.07,-345.34,400.08000000000004,133.36,-1853.3799999999997,-205.93111111111108,0.6475952044372985,0.6069451994681722,0.0,66.68,-545.38,-60.59777777777778,1.1003703839524737,0.4761065037101702
"477837024,MNQ,FUT,20220617,0,,2,GLOBEX,,USD,MNQM2,MNQ,False,,combo:",2022-04-18 13:01:45.000,SLD,1,13972.0,,1650304905.0,3,9,0.25,0,4,0.0,3,5,0.375,,,,400.08000000000004,133.36,-1853.3799999999997,-205.93111111111108,0.6475952044372985,0.6069451994681722,0.0,66.68,0.0,-60.59777777777778,1.1003703839524737,0.4761065037101702
"542601827,MNQ,FOP,20220429,14200,C,2,GLOBEX,,USD,MQEJ2 C1420,MQE,False,,combo:",2022-04-18 13:02:40.000,SLD,1,165.0,55.56,1650304960.0,1,2,0.3333333333333333,1,2,0.3333333333333333,0,0,,-36.81999999999999,27.78,-18.409999999999997,55.56,55.56,-92.38,-46.19,1.202857761420221,0.4539557739557739,27.78,27.78,0.0,-23.095,1.202857761420221,0.4539557739557739
"542600801,MNQ,FOP,20220429,14650,C,2,GLOBEX,,USD,MQEJ2 C1465,MQE,False,,combo:",2022-04-18 13:03:34.000,SLD,2,41.0,-1.88,1650305014.0,0,1,0.0,0,1,0.0,0,0,,-1.88,-0.47,-0.47,,,-1.88,-1.88,,,0.0,,-0.47,-0.47,,
"542601827,MNQ,FOP,20220429,14200,C,2,GLOBEX,,USD,MQEJ2 C1420,MQE,False,,combo:",2022-04-18 13:12:56.000,BOT,1,170.0,,1650305576.0,1,2,0.3333333333333333,1,2,0.3333333333333333,0,0,,,,,55.56,55.56,-92.38,-46.19,1.202857761420221,0.4539557739557739,0.0,27.78,0.0,-23.095,1.202857761420221,0.4539557739557739
"542600780,MNQ,FOP,20220429,14700,C,2,GLOBEX,,USD,MQEJ2 C1470,MQE,False,,combo:",2022-04-18 13:14:28.000,BOT,3,36.0,,1650305668.0,0,1,0.0,0,1,0.0,0,0,,,,,,,-30.44,-30.44,,,0.0,,0.0,-15.22,,
"542600797,MNQ,FOP,20220429,14600,C,2,GLOBEX,,USD,MQEJ2 C1460,MQE,False,,combo:",2022-04-18 13:15:31.000,BOT,1,50.0,,1650305731.0,0,0,,0,0,,0,0,,,,,,,,,,,0.0,,0.0,,,
"542600797,MNQ,FOP,20220429,14600,C,2,GLOBEX,,USD,MQEJ2 C1460,MQE,False,,combo:",2022-04-18 13:16:43.000,BOT,1,47.0,,1650305803.0,0,0,,0,0,,0,0,,,,,,,,,,,0.0,,0.0,,,
"542600780,MNQ,FOP,20220429,14700,C,2,GLOBEX,,USD,MQEJ2 C1470,MQE,False,,combo:",2022-04-18 13:18:13.000,SLD,1,31.0,-12.315,1650305893.0,0,2,0.0,0,2,0.0,0,0,,-42.755,-6.1575,-21.3775,,,-42.755,-21.3775,,,0.0,,-21.3775,-10.68875,,
"542600797,MNQ,FOP,20220429,14600,C,2,GLOBEX,,USD,MQEJ2 C1460,MQE,False,,combo:",2022-04-18 13:18:23.000,SLD,2,44.0,-19.88,1650305903.0,0,1,0.0,0,1,0.0,0,0,,-19.88,-4.97,-4.97,,,-19.88,-19.88,,,0.0,,-4.97,-4.97,,
"542600780,MNQ,FOP,20220429,14700,C,2,GLOBEX,,USD,MQEJ2 C1470,MQE,False,,combo:",2022-04-18 13:18:44.999,SLD,2,31.0,-36.945,1650305924.999,0,3,0.0,0,3,0.0,0,0,,-79.7,-9.23625,-30.613750000000003,,,-79.7,-26.566666666666666,,,0.0,,-30.613750000000003,-10.204583333333334,,
"542600780,MNQ,FOP,20220429,14700,C,2,GLOBEX,,USD,MQEJ2 C1470,MQE,False,,combo:",2022-04-18 13:18:45.000,SLD,1,31.0,,1650305925.0,0,3,0.0,0,3,0.0,0,0,,,,,,,-79.7,-26.566666666666666,,,0.0,,0.0,-10.204583333333334,,
"547809685,MNQ,FOP,20220531,14550,C,2,GLOBEX,,USD,MQEK2 C1455,MQE,False,,combo:",2022-04-18 13:40:01.000,BOT,1,219.0,,1650307201.0,0,0,,0,0,,0,0,,,,,,,,,,,0.0,,0.0,,,
"547809685,MNQ,FOP,20220531,14550,C,2,GLOBEX,,USD,MQEK2 C1455,MQE,False,,combo:",2022-04-18 13:55:47.000,BOT,1,215.5,,1650308147.0,0,0,,0,0,,0,0,,,,,,,,,,,0.0,,0.0,,,
"477837024,MNQ,FUT,20220617,0,,2,GLOBEX,,USD,MNQM2,MNQ,False,,combo:",2022-04-18 14:03:45.000,SLD,1,13928.0,,1650308625.0,3,9,0.25,0,4,0.0,3,5,0.375,,,,400.08000000000004,133.36,-1853.3799999999997,-205.93111111111108,0.6475952044372985,0.6069451994681722,0.0,66.68,0.0,-60.59777777777778,1.1003703839524737,0.4761065037101702
"477837024,MNQ,FUT,20220617,0,,2,GLOBEX,,USD,MNQM2,MNQ,False,,combo:",2022-04-18 14:56:36.000,BOT,2,13890.75,234.72,1650311796.0,4,9,0.3076923076923077,0,4,0.0,4,5,0.4444444444444444,-1218.58,58.68,-286.65999999999997,634.8000000000001,158.70000000000002,-1853.3799999999997,-205.93111111111108,0.7706460628689208,0.564765607859389,258.72,64.68,0.0,-60.59777777777778,1.0673658733360227,0.4837073170731707
"477837024,MNQ,FUT,20220617,0,,2,GLOBEX,,USD,MNQM2,MNQ,False,,combo:",2022-04-18 15:10:51.000,SLD,2,13965.0,,1650312651.0,4,9,0.3076923076923077,0,4,0.0,4,5,0.4444444444444444,,,,634.8000000000001,158.70000000000002,-1853.3799999999997,-205.93111111111108,0.7706460628689208,0.564765607859389,0.0,64.68,0.0,-60.59777777777778,1.0673658733360227,0.4837073170731707
"477837024,MNQ,FUT,20220617,0,,2,GLOBEX,,USD,MNQM2,MNQ,False,,combo:",2022-04-19 04:26:33.000,BOT,2,13840.0,497.72,1650360393.0,5,9,0.35714285714285715,0,4,0.0,5,5,0.5,-720.8599999999999,124.43,-162.22999999999996,1132.52,226.504,-1853.3799999999997,-205.93111111111108,1.099901801033787,0.47621274457105445,383.15000000000003,76.63000000000001,0.0,-60.59777777777778,1.264567824269317,0.441585360916562
"477837024,MNQ,FUT,20220617,0,,2,GLOBEX,,USD,MNQM2,MNQ,False,,combo:",2022-04-19 08:43:12.000,SLD,2,13912.0,,1650375792.0,5,9,0.35714285714285715,0,4,0.0,5,5,0.5,,,,1132.52,226.504,-1853.3799999999997,-205.93111111111108,1.099901801033787,0.47621274457105445,0.0,76.63000000000001,0.0,-60.59777777777778,1.264567824269317,0.441585360916562
"477837024,MNQ,FUT,20220617,0,,2,GLOBEX,,USD,MNQM2,MNQ,False,,combo:",2022-04-19 08:52:14.000,BOT,2,13963.0,-206.28,1650376334.0,5,10,0.3333333333333333,0,4,0.0,5,6,0.45454545454545453,-927.1399999999999,-51.57,-213.79999999999995,1132.52,226.504,-2059.66,-205.96599999999998,1.09971548702213,0.47625500034684487,0.0,76.63000000000001,-596.95,-59.69500000000001,1.2836921015160399,0.4378874014304053
"477837024,MNQ,FUT,20220617,0,,2,GLOBEX,,USD,MNQM2,MNQ,False,,combo:",2022-04-19 08:55:34.000,SLD,2,13992.0,,1650376534.0,5,10,0.3333333333333333,0,4,0.0,5,6,0.45454545454545453,,,,1132.52,226.504,-2059.66,-205.96599999999998,1.09971548702213,0.47625500034684487,0.0,76.63000000000001,0.0,-59.69500000000001,1.2836921015160399,0.4378874014304053
"477837024,MNQ,FUT,20220617,0,,2,GLOBEX,,USD,MNQM2,MNQ,False,,combo:",2022-04-19 09:01:05.000,BOT,2,14021.875,-121.78,1650376865.0,5,11,0.3125,0,4,0.0,5,7,0.4166666666666667,-1048.9199999999998,-30.445,-244.24499999999995,1132.52,226.504,-2181.44,-198.31272727272727,1.1421556403109872,0.4668194883611842,0.0,76.63000000000001,-627.3950000000001,-57.0359090909091,1.3435395564197992,0.42670498019145436
"477837024,MNQ,FUT,20220617,0,,2,GLOBEX,,USD,MNQM2,MNQ,False,,combo:",2022-04-19 09:03:29.000,BOT,1,14020.75,,1650377009.0,5,11,0.3125,0,4,0.0,5,7,0.4166666666666667,,,,1132.52,226.504,-2181.44,-198.31272727272727,1.1421556403109872,0.4668194883611842,0.0,76.63000000000001,0.0,-57.0359090909091,1.3435395564197992,0.42670498019145436
"547809685,MNQ,FOP,20220531,14550,C,2,GLOBEX,,USD,MQEK2 C1455,MQE,False,,combo:",2022-04-19 09:05:05.000,SLD,1,230.0,24.56,1650377105.0,1,0,1.0,1,0,1.0,0,0,,24.56,12.28,12.28,24.56,24.56,,,,,12.28,12.28,0.0,,,
"477837024,MNQ,FUT,20220617,0,,2,GLOBEX,,USD,MNQM2,MNQ,False,,combo:",2022-04-19 09:08:16.000,BOT,1,14035.0,,1650377296.0,5,11,0.3125,0,4,0.0,5,7,0.4166666666666667,,,,1132.52,226.504,-2181.44,-198.31272727272727,1.1421556403109872,0.4668194883611842,0.0,76.63000000000001,0.0,-57.0359090909091,1.3435395564197992,0.42670498019145436
"477837024,MNQ,FUT,20220617,0,,2,GLOBEX,,USD,MNQM2,MNQ,False,,combo:",2022-04-19 09:16:18.000,SLD,2,14053.75,101.22,1650377778.0,6,11,0.35294117647058826,1,4,0.2,5,7,0.4166666666666667,-947.6999999999998,25.305,-218.93999999999994,1233.74,205.62333333333333,-2181.44,-198.31272727272727,1.0368640286538555,0.49095078804101155,408.45500000000004,68.07583333333334,0.0,-57.0359090909091,1.1935609411402173,0.4558797438653326
"477837024,MNQ,FUT,20220617,0,,2,GLOBEX,,USD,MNQM2,MNQ,False,,combo:",2022-04-19 09:20:04.000,BOT,2,14082.0,,1650378004.0,6,11,0.35294117647058826,1,4,0.2,5,7,0.4166666666666667,,,,1233.74,205.62333333333333,-2181.44,-198.31272727272727,1.0368640286538555,0.49095078804101155,0.0,68.07583333333334,0.0,-57.0359090909091,1.1935609411402173,0.4558797438653326
"477837024,MNQ,FUT,20220617,0,,2,GLOBEX,,USD,MNQM2,MNQ,False,,combo:",2022-04-19 10:19:30.000,SLD,2,14133.25,202.72,1650381570.0,7,11,0.3888888888888889,2,4,0.3333333333333333,5,7,0.4166666666666667,-744.9799999999998,50.68,-168.25999999999993,1436.46,205.20857142857145,-2181.44,-198.31272727272727,1.0347725748653578,0.49145541489626704,459.13500000000005,65.5907142857143,0.0,-57.0359090909091,1.1499898104748318,0.46511848341232226
"542601598,MNQ,FOP,20220429,13750,P,2,GLOBEX,,USD,MQEJ2 P1375,MQE,False,,combo:",2022-04-19 10:27:56.000,BOT,1,134.0,,1650382076.0,0,0,,0,0,,0,0,,,,,,,,,,,0.0,,0.0,,,
"477837024,MNQ,FUT,20220617,0,,2,GLOBEX,,USD,MNQM2,MNQ,False,,combo:",2022-04-19 10:30:06.000,BOT,2,14165.25,,1650382206.0,7,11,0.3888888888888889,2,4,0.3333333333333333,5,7,0.4166666666666667,,,,1436.46,205.20857142857145,-2181.44,-198.31272727272727,1.0347725748653578,0.49145541489626704,0.0,65.5907142857143,0.0,-57.0359090909091,1.1499898104748318,0.46511848341232226
"477837024,MNQ,FUT,20220617,0,,2,GLOBEX,,USD,MNQM2,MNQ,False,,combo:",2022-04-19 10:57:37.000,SLD,2,14177.75,47.72,1650383857.0,8,11,0.42105263157894735,3,4,0.42857142857142855,5,7,0.4166666666666667,-697.2599999999998,11.93,-156.32999999999993,1484.18,185.5225,-2181.44,-198.31272727272727,0.9355047583247763,0.5166610909629191,471.06500000000005,58.88312500000001,0.0,-57.0359090909091,1.0323868934243976,0.4920323011506367
"542601827,MNQ,FOP,20220429,14200,C,2,GLOBEX,,USD,MQEJ2 C1420,MQE,False,,combo:",2022-04-19 10:58:06.000,SLD,1,250.0,159.06,1650383886.0,2,2,0.5,2,2,0.5,0,0,,122.24000000000001,79.53,61.120000000000005,214.62,107.31,-92.38,-46.19,2.3232301363931587,0.30091205211726385,107.31,53.655,0.0,-23.095,2.3232301363931587,0.30091205211726385
"547809685,MNQ,FOP,20220531,14550,C,2,GLOBEX,,USD,MQEK2 C1455,MQE,False,,combo:",2022-04-19 10:59:10.000,SLD,1,279.5,123.56,1650383950.0,2,0,1.0,2,0,1.0,0,0,,148.12,61.78,74.06,148.12,74.06,,,,,74.06,37.03,0.0,,,
"547809967,MNQ,FOP,20220531,14700,C,2,GLOBEX,,USD,MQEK2 C1470,MQE,False,,combo:",2022-04-19 11:28:12.000,BOT,1,217.0,,1650385692.0,0,0,,0,0,,0,0,,,,,,,,,,,0.0,,0.0,,,
"542601598,MNQ,FOP,20220429,13750,P,2,GLOBEX,,USD,MQEJ2 P1375,MQE,False,,combo:",2022-04-19 11:29:44.000,SLD,1,130.0,-8.94,1650385784.0,0,1,0.0,0,1,0.0,0,0,,-8.94,-4.47,-4.47,,,-8.94,-8.94,,,0.0,,-4.47,-4.47,,
"477837024,MNQ,FUT,20220617,0,,2,GLOBEX,,USD,MNQM2,MNQ,False,,combo:",2022-04-19 11:31:17.000,SLD,1,14148.0,,1650385877.0,8,11,0.42105263157894735,3,4,0.42857142857142855,5,7,0.4166666666666667,,,,1484.18,185.5225,-2181.44,-198.31272727272727,0.9355047583247763,0.5166610909629191,0.0,58.88312500000001,0.0,-57.0359090909091,1.0323868934243976,0.4920323011506367
"547809912,MNQ,FOP,20220531,14950,C,2,GLOBEX,,USD,MQEK2 C1495,MQE,False,,combo:",2022-04-19 12:29:51.000,BOT,1,126.0,,1650389391.0,0,0,,0,0,,0,0,,,,,,,,,,,0.0,,0.0,,,
"547809967,MNQ,FOP,20220531,14700,C,2,GLOBEX,,USD,MQEK2 C1470,MQE,False,,combo:",2022-04-19 12:31:49.000,SLD,1,202.0,-30.94,1650389509.0,0,1,0.0,0,1,0.0,0,0,,-30.94,-15.47,-15.47,,,-30.94,-30.94,,,0.0,,-15.47,-15.47,,
"477837024,MNQ,FUT,20220617,0,,2,GLOBEX,,USD,MNQM2,MNQ,False,,combo:",2022-04-19 13:41:20.000,BOT,1,14144.0,6.86,1650393680.0,9,11,0.45,3,4,0.42857142857142855,6,7,0.46153846153846156,-690.3999999999997,3.43,-152.89999999999992,1491.04,165.67111111111112,-2181.44,-198.31272727272727,0.8354033217609571,0.5448393757076572,474.49500000000006,52.72166666666667,0.0,-57.0359090909091,0.9243591889213865,0.5196535063500829
"477837024,MNQ,FUT,20220617,0,,2,GLOBEX,,USD,MNQM2,MNQ,False,,combo:",2022-04-19 14:08:14.000,SLD,1,14161.0,,1650395294.0,9,11,0.45,3,4,0.42857142857142855,6,7,0.46153846153846156,,,,1491.04,165.67111111111112,-2181.44,-198.31272727272727,0.8354033217609571,0.5448393757076572,0.0,52.72166666666667,0.0,-57.0359090909091,0.9243591889213865,0.5196535063500829
"477837024,MNQ,FUT,20220617,0,,2,GLOBEX,,USD,MNQM2,MNQ,False,,combo:",2022-04-19 14:16:10.000,BOT,1,14208.0,-95.14,1650395770.0,9,12,0.42857142857142855,3,4,0.42857142857142855,6,8,0.42857142857142855,-785.5399999999997,-47.57,-200.4699999999999,1491.04,165.67111111111112,-2276.58,-189.715,0.8732631110408302,0.533827839829919,0.0,52.72166666666667,-674.9650000000001,-56.24708333333334,0.9373226759906068,0.5161762737787975
"477837024,MNQ,FUT,20220617,0,,2,GLOBEX,,USD,MNQM2,MNQ,False,,combo:",2022-04-19 14:18:55.000,BOT,1,14212.5,,1650395935.0,9,12,0.42857142857142855,3,4,0.42857142857142855,6,8,0.42857142857142855,,,,1491.04,165.67111111111112,-2276.58,-189.715,0.8732631110408302,0.533827839829919,0.0,52.72166666666667,0.0,-56.24708333333334,0.9373226759906068,0.5161762737787975
"477837024,MNQ,FUT,20220617,0,,2,GLOBEX,,USD,MNQM2,MNQ,False,,combo:",2022-04-19 14:23:34.000,BOT,1,14216.0,,1650396214.0,9,12,0.42857142857142855,3,4,0.42857142857142855,6,8,0.42857142857142855,,,,1491.04,165.67111111111112,-2276.58,-189.715,0.8732631110408302,0.533827839829919,0.0,52.72166666666667,0.0,-56.24708333333334,0.9373226759906068,0.5161762737787975
"542601803,MNQ,FOP,20220429,14500,C,2,GLOBEX,,USD,MQEJ2 C1450,MQE,False,,combo:",2022-04-19 14:34:01.000,BOT,1,123.0,,1650396841.0,0,0,,0,0,,0,0,,,,,,,,,,,0.0,,0.0,,,
"542601595,MNQ,FOP,20220429,13700,P,2,GLOBEX,,USD,MQEJ2 P1370,MQE,False,,combo:",2022-04-19 14:36:59.000,BOT,1,98.0,,1650397019.0,0,0,,0,0,,0,0,,,,,,,,,,,0.0,,0.0,,,
"477837024,MNQ,FUT,20220617,0,,2,GLOBEX,,USD,MNQM2,MNQ,False,,combo:",2022-04-19 14:45:56.000,SLD,2,14187.0,-111.28,1650397556.0,9,13,0.4090909090909091,3,5,0.375,6,8,0.42857142857142855,-896.8199999999997,-27.82,-228.2899999999999,1491.04,165.67111111111112,-2387.86,-183.68153846153848,0.9019475364738486,0.5257768581009173,0.0,52.72166666666667,-702.7850000000002,-54.06038461538463,0.9752366181217108,0.5062684595989915
"477837024,MNQ,FUT,20220617,0,,2,GLOBEX,,USD,MNQM2,MNQ,False,,combo:",2022-04-19 14:54:17.000,SLD,1,14231.75,,1650398057.0,9,13,0.4090909090909091,3,5,0.375,6,8,0.42857142857142855,,,,1491.04,165.67111111111112,-2387.86,-183.68153846153848,0.9019475364738486,0.5257768581009173,0.0,52.72166666666667,0.0,-54.06038461538463,0.9752366181217108,0.5062684595989915
"477837024,MNQ,FUT,20220617,0,,2,GLOBEX,,USD,MNQM2,MNQ,False,,combo:",2022-04-19 14:54:30.000,BOT,1,14223.5,15.36,1650398070.0,10,13,0.43478260869565216,3,5,0.375,7,8,0.4666666666666667,-881.4599999999997,7.68,-220.6099999999999,1506.3999999999999,150.64,-2387.86,-183.68153846153848,0.8201150821237424,0.5494158088252213,482.17500000000007,48.21750000000001,0.0,-54.06038461538463,0.8919192925290095,0.528563773279809
"477837024,MNQ,FUT,20220617,0,,2,GLOBEX,,USD,MNQM2,MNQ,False,,combo:",2022-04-19 15:00:21.000,SLD,1,14165.25,,1650398421.0,10,13,0.43478260869565216,3,5,0.375,7,8,0.4666666666666667,,,,1506.3999999999999,150.64,-2387.86,-183.68153846153848,0.8201150821237424,0.5494158088252213,0.0,48.21750000000001,0.0,-54.06038461538463,0.8919192925290095,0.528563773279809
"477837024,MNQ,FUT,20220617,0,,2,GLOBEX,,USD,MNQM2,MNQ,False,,combo:",2022-04-19 15:02:52.000,BOT,1,14111.75,105.86,1650398572.0,11,13,0.4583333333333333,3,5,0.375,8,8,0.5,-775.5999999999997,52.93,-167.6799999999999,1612.2599999999998,146.56909090909087,-2387.86,-183.68153846153848,0.7979522173905427,0.5561883070793447,535.105,48.64590909090909,0.0,-54.06038461538463,0.8998439326135561,0.5263590249880847
"477837024,MNQ,FUT,20220617,0,,2,GLOBEX,,USD,MNQM2,MNQ,False,,combo:",2022-04-19 15:15:05.000,SLD,1,14072.0,,1650399305.0,11,13,0.4583333333333333,3,5,0.375,8,8,0.5,,,,1612.2599999999998,146.56909090909087,-2387.86,-183.68153846153848,0.7979522173905427,0.5561883070793447,0.0,48.64590909090909,0.0,-54.06038461538463,0.8998439326135561,0.5263590249880847
"477837024,MNQ,FUT,20220617,0,,2,GLOBEX,,USD,MNQM2,MNQ,False,,combo:",2022-04-19 17:30:22.000,BOT,1,14110.25,-77.64,1650407422.0,11,14,0.44,3,5,0.375,8,9,0.47058823529411764,-853.2399999999997,-38.82,-206.4999999999999,1612.2599999999998,146.56909090909087,-2465.5,-176.10714285714286,0.8322722663667703,0.5457704176153413,0.0,48.64590909090909,-741.6050000000002,-52.97178571428573,0.9183362130416153,0.521285055873731
"477837024,MNQ,FUT,20220617,0,,2,GLOBEX,,USD,MNQM2,MNQ,False,,combo:",2022-04-19 20:28:55.000,SLD,1,14057.0,,1650418135.0,11,14,0.44,3,5,0.375,8,9,0.47058823529411764,,,,1612.2599999999998,146.56909090909087,-2465.5,-176.10714285714286,0.8322722663667703,0.5457704176153413,0.0,48.64590909090909,0.0,-52.97178571428573,0.9183362130416153,0.521285055873731
"477837024,MNQ,FUT,20220617,0,,2,GLOBEX,,USD,MNQM2,MNQ,False,,combo:",2022-04-19 21:08:24.000,BOT,1,14083.75,-54.64,1650420504.0,11,15,0.4230769230769231,3,5,0.375,8,10,0.4444444444444444,-907.8799999999997,-27.32,-233.81999999999988,1612.2599999999998,146.56909090909087,-2520.14,-168.00933333333333,0.8723865990128974,0.5340777382871622,0.0,48.64590909090909,-768.9250000000003,-51.261666666666684,0.9489724438191451,0.5130908870319538
"477837024,MNQ,FUT,20220617,0,,2,GLOBEX,,USD,MNQM2,MNQ,False,,combo:",2022-04-19 22:53:05.000,SLD,1,14111.0,,1650426785.0,11,15,0.4230769230769231,3,5,0.375,8,10,0.4444444444444444,,,,1612.2599999999998,146.56909090909087,-2520.14,-168.00933333333333,0.8723865990128974,0.5340777382871622,0.0,48.64590909090909,0.0,-51.261666666666684,0.9489724438191451,0.5130908870319538
"477837024,MNQ,FUT,20220617,0,,2,GLOBEX,,USD,MNQM2,MNQ,False,,combo:",2022-04-20 02:13:16.000,BOT,1,14130.75,-40.64,1650438796.0,11,16,0.4074074074074074,3,5,0.375,8,11,0.42105263157894735,-948.5199999999996,-20.32,-254.13999999999987,1612.2599999999998,146.56909090909087,-2560.7799999999997,-160.04874999999998,0.9157777921357767,0.5219812047644443,0.0,48.64590909090909,-789.2450000000003,-49.32781250000002,0.9861760865821705,0.5034800321862746
"477837024,MNQ,FUT,20220617,0,,2,GLOBEX,,USD,MNQM2,MNQ,False,,combo:",2022-04-20 04:27:09.000,SLD,1,14191.0,,1650446829.0,11,16,0.4074074074074074,3,5,0.375,8,11,0.42105263157894735,,,,1612.2599999999998,146.56909090909087,-2560.7799999999997,-160.04874999999998,0.9157777921357767,0.5219812047644443,0.0,48.64590909090909,0.0,-49.32781250000002,0.9861760865821705,0.5034800321862746
"547809912,MNQ,FOP,20220531,14950,C,2,GLOBEX,,USD,MQEK2 C1495,MQE,False,,combo:",2022-04-20 05:47:27.000,SLD,1,138.0,23.06,1650451647.0,1,0,1.0,1,0,1.0,0,0,,23.06,11.53,11.53,23.06,23.06,,,,,11.53,11.53,0.0,,,
"547809685,MNQ,FOP,20220531,14550,C,2,GLOBEX,,USD,MQEK2 C1455,MQE,False,,combo:",2022-04-20 05:49:44.000,BOT,1,294.0,,1650451784.0,2,0,1.0,2,0,1.0,0,0,,,,,148.12,74.06,,,,,0.0,37.03,0.0,,,
"477837024,MNQ,FUT,20220617,0,,2,GLOBEX,,USD,MNQM2,MNQ,False,,combo:",2022-04-20 06:50:18.000,SLD,1,14225.0,,1650455418.0,11,16,0.4074074074074074,3,5,0.375,8,11,0.42105263157894735,,,,1612.2599999999998,146.56909090909087,-2560.7799999999997,-160.04874999999998,0.9157777921357767,0.5219812047644443,0.0,48.64590909090909,0.0,-49.32781250000002,0.9861760865821705,0.5034800321862746
"477837024,MNQ,FUT,20220617,0,,2,GLOBEX,,USD,MNQM2,MNQ,False,,combo:",2022-04-20 06:50:29.000,BOT,2,14254.0,-186.28,1650455429.0,11,17,0.39285714285714285,3,5,0.375,8,12,0.4,-1134.7999999999997,-46.57,-300.70999999999987,1612.2599999999998,146.56909090909087,-2747.06,-161.59176470588235,0.9070331719928013,0.5243747275539131,0.0,48.64590909090909,-835.8150000000004,-49.16558823529414,0.9894300228465082,0.5026565340404303
"477837024,MNQ,FUT,20220617,0,,2,GLOBEX,,USD,MNQM2,MNQ,False,,combo:",2022-04-20 06:56:18.000,SLD,2,14283.75,,1650455778.0,11,17,0.39285714285714285,3,5,0.375,8,12,0.4,,,,1612.2599999999998,146.56909090909087,-2747.06,-161.59176470588235,0.9070331719928013,0.5243747275539131,0.0,48.64590909090909,0.0,-49.16558823529414,0.9894300228465082,0.5026565340404303
"477837024,MNQ,FUT,20220617,0,,2,GLOBEX,,USD,MNQM2,MNQ,False,,combo:",2022-04-20 06:56:31.000,BOT,2,14289.5,-25.78,1650455791.0,11,18,0.3793103448275862,3,5,0.375,8,13,0.38095238095238093,-1160.5799999999997,-6.445,-307.15499999999986,1612.2599999999998,146.56909090909087,-2772.84,-154.04666666666668,0.9514590226495706,0.5124370988032645,0.0,48.64590909090909,-842.2600000000004,-46.79222222222225,1.0396152775109386,0.49028854168044783
"542601803,MNQ,FOP,20220429,14500,C,2,GLOBEX,,USD,MQEJ2 C1450,MQE,False,,combo:",2022-04-20 06:57:06.000,SLD,1,137.0,27.06,1650455826.0,1,0,1.0,1,0,1.0,0,0,,27.06,13.53,13.53,27.06,27.06,,,,,13.53,13.53,0.0,,,
"477837024,MNQ,FUT,20220617,0,,2,GLOBEX,,USD,MNQM2,MNQ,False,,combo:",2022-04-20 06:58:33.000,BOT,1,14290.5,,1650455913.0,11,18,0.3793103448275862,3,5,0.375,8,13,0.38095238095238093,,,,1612.2599999999998,146.56909090909087,-2772.84,-154.04666666666668,0.9514590226495706,0.5124370988032645,0.0,48.64590909090909,0.0,-46.79222222222225,1.0396152775109386,0.49028854168044783
"547809685,MNQ,FOP,20220531,14550,C,2,GLOBEX,,USD,MQEK2 C1455,MQE,False,,combo:",2022-04-20 07:07:17.000,SLD,1,321.0,53.06,1650456437.0,3,0,1.0,3,0,1.0,0,0,,201.18,26.53,100.59,201.18,67.06,,,,,100.59,33.53,0.0,,,
"477837024,MNQ,FUT,20220617,0,,2,GLOBEX,,USD,MNQM2,MNQ,False,,combo:",2022-04-20 07:08:15.000,BOT,1,14286.0,,1650456495.0,11,18,0.3793103448275862,3,5,0.375,8,13,0.38095238095238093,,,,1612.2599999999998,146.56909090909087,-2772.84,-154.04666666666668,0.9514590226495706,0.5124370988032645,0.0,48.64590909090909,0.0,-46.79222222222225,1.0396152775109386,0.49028854168044783
"477837024,MNQ,FUT,20220617,0,,2,GLOBEX,,USD,MNQM2,MNQ,False,,combo:",2022-04-20 07:14:56.000,SLD,2,14272.0,-67.28,1650456896.0,11,19,0.36666666666666664,3,6,0.3333333333333333,8,13,0.38095238095238093,-1227.8599999999997,-16.82,-323.97499999999985,1612.2599999999998,146.56909090909087,-2840.1200000000003,-149.48000000000002,0.9805264310214802,0.5049162608166952,0.0,48.64590909090909,-859.0800000000005,-45.21473684210529,1.0758861488188205,0.4817219868098258
"477837024,MNQ,FUT,20220617,0,,2,GLOBEX,,USD,MNQM2,MNQ,False,,combo:",2022-04-20 07:30:10.000,BOT,2,14280.0,,1650457810.0,11,19,0.36666666666666664,3,6,0.3333333333333333,8,13,0.38095238095238093,,,,1612.2599999999998,146.56909090909087,-2840.1200000000003,-149.48000000000002,0.9805264310214802,0.5049162608166952,0.0,48.64590909090909,0.0,-45.21473684210529,1.0758861488188205,0.4817219868098258
"477837024,MNQ,FUT,20220617,0,,2,GLOBEX,,USD,MNQM2,MNQ,False,,combo:",2022-04-20 08:13:03.000,SLD,2,14252.25,-113.28,1650460383.0,11,20,0.3548387096774194,3,7,0.3,8,13,0.38095238095238093,-1341.1399999999996,-28.32,-352.29499999999985,1612.2599999999998,146.56909090909087,-2953.4000000000005,-147.67000000000002,0.9925448019847691,0.5018707729953688,0.0,48.64590909090909,-887.4000000000005,-44.370000000000026,1.0963693732456403,0.4770151733574414
"547809685,MNQ,FOP,20220531,14550,C,2,GLOBEX,,USD,MQEK2 C1455,MQE,False,,combo:",2022-04-20 08:18:25.000,BOT,1,316.0,,1650460705.0,3,0,1.0,3,0,1.0,0,0,,,,,201.18,67.06,,,,,0.0,33.53,0.0,,,
"477837024,MNQ,FUT,20220617,0,,2,GLOBEX,,USD,MNQM2,MNQ,False,,combo:",2022-04-20 08:34:20.000,BOT,1,14212.75,,1650461660.0,11,20,0.3548387096774194,3,7,0.3,8,13,0.38095238095238093,,,,1612.2599999999998,146.56909090909087,-2953.4000000000005,-147.67000000000002,0.9925448019847691,0.5018707729953688,0.0,48.64590909090909,0.0,-44.370000000000026,1.0963693732456403,0.4770151733574414
"477837024,MNQ,FUT,20220617,0,,2,GLOBEX,,USD,MNQM2,MNQ,False,,combo:",2022-04-20 08:40:34.000,SLD,1,14168.75,-89.14,1650462034.0,11,21,0.34375,3,8,0.2727272727272727,8,13,0.38095238095238093,-1430.2799999999997,-44.57,-396.86499999999984,1612.2599999999998,146.56909090909087,-3042.5400000000004,-144.88285714285718,1.0116386010014355,0.4971071839157287,0.0,48.64590909090909,-931.9700000000006,-44.37952380952384,1.0961340932745585,0.477068715788984
"477837024,MNQ,FUT,20220617,0,,2,GLOBEX,,USD,MNQM2,MNQ,False,,combo:",2022-04-20 08:54:07.000,SLD,1,14097.0,,1650462847.0,11,21,0.34375,3,8,0.2727272727272727,8,13,0.38095238095238093,,,,1612.2599999999998,146.56909090909087,-3042.5400000000004,-144.88285714285718,1.0116386010014355,0.4971071839157287,0.0,48.64590909090909,0.0,-44.37952380952384,1.0961340932745585,0.477068715788984
"477837024,MNQ,FUT,20220617,0,,2,GLOBEX,,USD,MNQM2,MNQ,False,,combo:",2022-04-20 09:41:25.000,BOT,1,14142.5,-92.14,1650465685.0,11,22,0.3333333333333333,3,8,0.2727272727272727,8,14,0.36363636363636365,-1522.4199999999998,-46.07,-442.93499999999983,1612.2599999999998,146.56909090909087,-3134.6800000000003,-142.48545454545456,1.028660022713642,0.49293621839225066,0.0,48.64590909090909,-978.0400000000006,-44.45636363636367,1.0942394994069764,0.47750030513853314
"477837024,MNQ,FUT,20220617,0,,2,GLOBEX,,USD,MNQM2,MNQ,False,,combo:",2022-04-20 11:35:41.000,SLD,1,14031.0,,1650472541.0,11,22,0.3333333333333333,3,8,0.2727272727272727,8,14,0.36363636363636365,,,,1612.2599999999998,146.56909090909087,-3134.6800000000003,-142.48545454545456,1.028660022713642,0.49293621839225066,0.0,48.64590909090909,0.0,-44.45636363636367,1.0942394994069764,0.47750030513853314
"477837024,MNQ,FUT,20220617,0,,2,GLOBEX,,USD,MNQM2,MNQ,False,,combo:",2022-04-20 12:14:03.000,BOT,1,14090.5,-120.14,1650474843.0,11,23,0.3235294117647059,3,8,0.2727272727272727,8,15,0.34782608695652173,-1642.56,-60.07,-503.0049999999998,1612.2599999999998,146.56909090909087,-3254.82,-141.51391304347825,1.0357221262340437,0.49122617822597253,0.0,48.64590909090909,-1038.1100000000006,-45.13521739130437,1.0777816503943787,0.4812825254329262
"477837024,MNQ,FUT,20220617,0,,2,GLOBEX,,USD,MNQM2,MNQ,False,,combo:",2022-04-20 12:33:52.000,SLD,1,14066.25,,1650476032.0,11,23,0.3235294117647059,3,8,0.2727272727272727,8,15,0.34782608695652173,,,,1612.2599999999998,146.56909090909087,-3254.82,-141.51391304347825,1.0357221262340437,0.49122617822597253,0.0,48.64590909090909,0.0,-45.13521739130437,1.0777816503943787,0.4812825254329262
"477837024,MNQ,FUT,20220617,0,,2,GLOBEX,,USD,MNQM2,MNQ,False,,combo:",2022-04-20 12:47:09.000,BOT,1,14115.5,-99.64,1650476829.0,11,24,0.3142857142857143,3,8,0.2727272727272727,8,16,0.3333333333333333,-1742.2,-49.82,-552.8249999999998,1612.2599999999998,146.56909090909087,-3354.46,-139.76916666666668,1.0486511038492576,0.4881260640823989,0.0,48.64590909090909,-1087.9300000000005,-45.330416666666686,1.0731405680345405,0.4823599592901985
"477837024,MNQ,FUT,20220617,0,,2,GLOBEX,,USD,MNQM2,MNQ,False,,combo:",2022-04-21 06:44:45.000,BOT,1,14169.0,,1650541485.0,11,24,0.3142857142857143,3,8,0.2727272727272727,8,16,0.3333333333333333,,,,1612.2599999999998,146.56909090909087,-3354.46,-139.76916666666668,1.0486511038492576,0.4881260640823989,0.0,48.64590909090909,0.0,-45.330416666666686,1.0731405680345405,0.4823599592901985
"477837024,MNQ,FUT,20220617,0,,2,GLOBEX,,USD,MNQM2,MNQ,False,,combo:",2022-04-21 08:32:48.000,SLD,1,14238.0,136.86,1650547968.0,12,24,0.3333333333333333,4,8,0.3333333333333333,8,16,0.3333333333333333,-1605.3400000000001,68.43,-484.3949999999998,1749.12,145.76,-3354.46,-139.76916666666668,1.0428623384985958,0.48950924453135264,603.5350000000001,50.29458333333334,0.0,-45.330416666666686,1.1095107221971998,0.4740435729847495
"547809705,MNQ,FOP,20220531,14600,C,2,GLOBEX,,USD,MQEK2 C1460,MQE,False,,combo:",2022-04-21 08:36:17.000,BOT,1,288.0,,1650548177.0,0,0,,0,0,,0,0,,,,,,,,,,,0.0,,0.0,,,
"477837024,MNQ,FUT,20220617,0,,2,GLOBEX,,USD,MNQM2,MNQ,False,,combo:",2022-04-21 08:42:05.000,SLD,1,14272.0,,1650548525.0,12,24,0.3333333333333333,4,8,0.3333333333333333,8,16,0.3333333333333333,,,,1749.12,145.76,-3354.46,-139.76916666666668,1.0428623384985958,0.48950924453135264,0.0,50.29458333333334,0.0,-45.330416666666686,1.1095107221971998,0.4740435729847495
"547809705,MNQ,FOP,20220531,14600,C,2,GLOBEX,,USD,MQEK2 C1460,MQE,False,,combo:",2022-04-21 08:58:33.000,SLD,1,258.0,-60.94,1650549513.0,0,1,0.0,0,1,0.0,0,0,,-60.94,-30.47,-30.47,,,-60.94,-60.94,,,0.0,,-30.47,-30.47,,
"477837024,MNQ,FUT,20220617,0,,2,GLOBEX,,USD,MNQM2,MNQ,False,,combo:",2022-04-21 09:06:08.000,BOT,1,14179.75,183.36,1650549968.0,13,24,0.35135135135135137,4,8,0.3333333333333333,9,16,0.36,-1421.98,91.68,-392.7149999999998,1932.48,148.6523076923077,-3354.46,-139.76916666666668,1.0635557987322504,0.4846004167245451,695.2150000000001,53.478076923076934,0.0,-45.330416666666686,1.1797393638872409,0.45877044593838445
"477837024,MNQ,FUT,20220617,0,,2,GLOBEX,,USD,MNQM2,MNQ,False,,combo:",2022-04-21 09:06:08.000,BOT,1,14178.0,,1650549968.0,13,24,0.35135135135135137,4,8,0.3333333333333333,9,16,0.36,,,,1932.48,148.6523076923077,-3354.46,-139.76916666666668,1.0635557987322504,0.4846004167245451,0.0,53.478076923076934,0.0,-45.330416666666686,1.1797393638872409,0.45877044593838445
"477837024,MNQ,FUT,20220617,0,,2,GLOBEX,,USD,MNQM2,MNQ,False,,combo:",2022-04-21 09:20:11.000,SLD,1,14129.25,-98.64,1650550811.0,13,25,0.34210526315789475,4,9,0.3076923076923077,9,16,0.36,-1520.6200000000001,-49.32,-442.0349999999998,1932.48,148.6523076923077,-3453.1,-138.124,1.076223593961279,0.48164369334233165,0.0,53.478076923076934,-1137.2500000000005,-45.490000000000016,1.1756007237431725,0.45964316387957277
"477837024,MNQ,FUT,20220617,0,,2,GLOBEX,,USD,MNQM2,MNQ,False,,combo:",2022-04-21 09:37:35.000,BOT,1,14156.0,,1650551855.0,13,25,0.34210526315789475,4,9,0.3076923076923077,9,16,0.36,,,,1932.48,148.6523076923077,-3453.1,-138.124,1.076223593961279,0.48164369334233165,0.0,53.478076923076934,0.0,-45.490000000000016,1.1756007237431725,0.45964316387957277
"477837024,MNQ,FUT,20220617,0,,2,GLOBEX,,USD,MNQM2,MNQ,False,,combo:",2022-04-21 09:47:24.000,SLD,1,14107.0,-99.14,1650552444.0,13,26,0.3333333333333333,4,10,0.2857142857142857,9,16,0.36,-1619.7600000000002,-49.57,-491.6049999999998,1932.48,148.6523076923077,-3552.24,-136.62461538461537,1.08803459225728,0.47891926872674323,0.0,53.478076923076934,-1186.8200000000004,-45.646923076923095,1.1715592929003553,0.46049859346202354
"547809680,MNQ,FOP,20220531,14500,C,2,GLOBEX,,USD,MQEK2 C1450,MQE,False,,combo:",2022-04-21 09:54:41.000,BOT,1,258.0,,1650552881.0,0,0,,0,0,,0,0,,,,,,,,,,,0.0,,0.0,,,
"477837024,MNQ,FUT,20220617,0,,2,GLOBEX,,USD,MNQM2,MNQ,False,,combo:",2022-04-21 10:01:32.000,BOT,1,14099.75,,1650553292.0,13,26,0.3333333333333333,4,10,0.2857142857142857,9,16,0.36,,,,1932.48,148.6523076923077,-3552.24,-136.62461538461537,1.08803459225728,0.47891926872674323,0.0,53.478076923076934,0.0,-45.646923076923095,1.1715592929003553,0.46049859346202354
"477837024,MNQ,FUT,20220617,0,,2,GLOBEX,,USD,MNQM2,MNQ,False,,combo:",2022-04-21 10:26:10.000,SLD,1,14113.0,25.36,1650554770.0,14,26,0.35,5,10,0.3333333333333333,9,16,0.36,-1594.4000000000003,12.68,-478.9249999999998,1957.84,139.84571428571428,-3552.24,-136.62461538461537,1.0235762705866078,0.49417460292223797,707.8950000000001,50.563928571428576,0.0,-45.646923076923095,1.107718224210194,0.4744467208726257
"477837024,MNQ,FUT,20220617,0,,2,GLOBEX,,USD,MNQM2,MNQ,False,,combo:",2022-04-21 10:30:07.000,BOT,1,14075.0,,1650555007.0,14,26,0.35,5,10,0.3333333333333333,9,16,0.36,,,,1957.84,139.84571428571428,-3552.24,-136.62461538461537,1.0235762705866078,0.49417460292223797,0.0,50.563928571428576,0.0,-45.646923076923095,1.107718224210194,0.4744467208726257
"477837024,MNQ,FUT,20220617,0,,2,GLOBEX,,USD,MNQM2,MNQ,False,,combo:",2022-04-21 10:33:45.000,SLD,1,14045.75,-59.64,1650555225.0,14,27,0.34146341463414637,5,11,0.3125,9,16,0.36,-1654.0400000000004,-29.82,-508.7449999999998,1957.84,139.84571428571428,-3611.8799999999997,-133.7733333333333,1.0453930600447097,0.48890358510268017,0.0,50.563928571428576,-1216.6400000000003,-45.060740740740755,1.1221282149432628,0.4712250621608817
"477837024,MNQ,FUT,20220617,0,,2,GLOBEX,,USD,MNQM2,MNQ,False,,combo:",2022-04-21 10:39:52.000,SLD,1,14045.0,,1650555592.0,14,27,0.34146341463414637,5,11,0.3125,9,16,0.36,,,,1957.84,139.84571428571428,-3611.8799999999997,-133.7733333333333,1.0453930600447097,0.48890358510268017,0.0,50.563928571428576,0.0,-45.060740740740755,1.1221282149432628,0.4712250621608817
"477837024,MNQ,FUT,20220617,0,,2,GLOBEX,,USD,MNQM2,MNQ,False,,combo:",2022-04-21 10:56:25.000,BOT,1,13987.0,114.86,1650556585.0,15,27,0.35714285714285715,5,11,0.3125,10,16,0.38461538461538464,-1539.1800000000005,57.43,-451.31499999999977,2072.7,138.17999999999998,-3611.8799999999997,-133.7733333333333,1.0329412937306888,0.49189811977545167,765.325,51.02166666666667,0.0,-45.060740740740755,1.1322864610731191,0.4689801385770318
"477837024,MNQ,FUT,20220617,0,,2,GLOBEX,,USD,MNQM2,MNQ,False,,combo:",2022-04-21 10:56:26.000,BOT,1,13987.0,,1650556586.0,15,27,0.35714285714285715,5,11,0.3125,10,16,0.38461538461538464,,,,2072.7,138.17999999999998,-3611.8799999999997,-133.7733333333333,1.0329412937306888,0.49189811977545167,0.0,51.02166666666667,0.0,-45.060740740740755,1.1322864610731191,0.4689801385770318
"477837024,MNQ,FUT,20220617,0,,2,GLOBEX,,USD,MNQM2,MNQ,False,,combo:",2022-04-21 11:00:13.000,SLD,1,13970.0,-35.14,1650556813.0,15,28,0.3488372093023256,5,12,0.29411764705882354,10,16,0.38461538461538464,-1574.3200000000006,-17.57,-468.88499999999976,2072.7,138.17999999999998,-3647.0199999999995,-130.25071428571428,1.0608770996594479,0.48523029353145136,0.0,51.02166666666667,-1234.2100000000003,-44.078928571428584,1.1575069612680713,0.4634979251294057
"477837024,MNQ,FUT,20220617,0,,2,GLOBEX,,USD,MNQM2,MNQ,False,,combo:",2022-04-21 11:05:17.000,SLD,1,13967.0,,1650557117.0,15,28,0.3488372093023256,5,12,0.29411764705882354,10,16,0.38461538461538464,,,,2072.7,138.17999999999998,-3647.0199999999995,-130.25071428571428,1.0608770996594479,0.48523029353145136,0.0,51.02166666666667,0.0,-44.078928571428584,1.1575069612680713,0.4634979251294057
"477837024,MNQ,FUT,20220617,0,,2,GLOBEX,,USD,MNQM2,MNQ,False,,combo:",2022-04-21 12:24:21.000,BOT,1,13926.5,79.86,1650561861.0,16,28,0.36363636363636365,5,12,0.29411764705882354,11,16,0.4074074074074074,-1494.4600000000007,39.93,-428.95499999999976,2152.56,134.535,-3647.0199999999995,-130.25071428571428,1.0328926082116359,0.49190990018883185,805.255,50.3284375,0.0,-44.078928571428584,1.1417799645117117,0.46690137015451183
"477837024,MNQ,FUT,20220617,0,,2,GLOBEX,,USD,MNQM2,MNQ,False,,combo:",2022-04-21 12:29:00.000,SLD,1,13938.0,,1650562140.0,16,28,0.36363636363636365,5,12,0.29411764705882354,11,16,0.4074074074074074,,,,2152.56,134.535,-3647.0199999999995,-130.25071428571428,1.0328926082116359,0.49190990018883185,0.0,50.3284375,0.0,-44.078928571428584,1.1417799645117117,0.46690137015451183
"477837024,MNQ,FUT,20220617,0,,2,GLOBEX,,USD,MNQM2,MNQ,False,,combo:",2022-04-21 14:04:19.000,BOT,1,13735.0,404.86,1650567859.0,17,28,0.37777777777777777,5,12,0.29411764705882354,12,16,0.42857142857142855,-1089.6000000000008,202.43,-226.52499999999975,2557.42,150.4364705882353,-3647.0199999999995,-130.25071428571428,1.1549761658753142,0.4640422552394297,1007.685,59.275588235294116,0.0,-44.078928571428584,1.3447601871547263,0.42648284693602734
"542601595,MNQ,FOP,20220429,13700,P,2,GLOBEX,,USD,MQEJ2 P1370,MQE,False,,combo:",2022-04-21 14:07:14.000,SLD,2,250.0,262.12,1650568034.0,1,0,1.0,1,0,1.0,0,0,,262.12,65.53,65.53,262.12,262.12,,,,,65.53,65.53,0.0,,,
"477837024,MNQ,FUT,20220617,0,,2,GLOBEX,,USD,MNQM2,MNQ,False,,combo:",2022-04-21 14:10:50.000,SLD,1,13720.25,,1650568250.0,17,28,0.37777777777777777,5,12,0.29411764705882354,12,16,0.42857142857142855,,,,2557.42,150.4364705882353,-3647.0199999999995,-130.25071428571428,1.1549761658753142,0.4640422552394297,0.0,59.275588235294116,0.0,-44.078928571428584,1.3447601871547263,0.42648284693602734
"477837024,MNQ,FUT,20220617,0,,2,GLOBEX,,USD,MNQM2,MNQ,False,,combo:",2022-04-21 18:48:28.000,BOT,1,13697.0,45.36,1650584908.0,18,28,0.391304347826087,5,12,0.29411764705882354,13,16,0.4482758620689655,-1044.240000000001,22.68,-203.84499999999974,2602.78,144.5988888888889,-3647.0199999999995,-130.25071428571428,1.1101581260560374,0.47389813476634407,1030.365,57.2425,0.0,-44.078928571428584,1.298636374685021,0.4350405357772295
